"filename", "language", "JSON", "HTML", "JavaScript", "CSS", "XML", "JavaScript JSX", "Markdown", "comment", "blank", "total"
"c:\Users\Mahmu\OneDrive\Desktop\Soen341Project\GazaBrigade-soen341projectW2024\src\backend\__tests__\reservationTest.js", "JavaScript", 0, 0, 75, 0, 0, 0, 0, 2, 13, 90
"c:\Users\Mahmu\OneDrive\Desktop\Soen341Project\GazaBrigade-soen341projectW2024\src\backend\__tests__\reviewTest.js", "JavaScript", 0, 0, 43, 0, 0, 0, 0, 2, 13, 58
"c:\Users\Mahmu\OneDrive\Desktop\Soen341Project\GazaBrigade-soen341projectW2024\src\backend\__tests__\transactionTest.js", "JavaScript", 0, 0, 54, 0, 0, 0, 0, 3, 9, 66
"c:\Users\Mahmu\OneDrive\Desktop\Soen341Project\GazaBrigade-soen341projectW2024\src\backend\__tests__\userTest.js", "JavaScript", 0, 0, 97, 0, 0, 0, 0, 2, 15, 114
"c:\Users\Mahmu\OneDrive\Desktop\Soen341Project\GazaBrigade-soen341projectW2024\src\backend\__tests__\vehicleTest.js", "JavaScript", 0, 0, 44, 0, 0, 0, 0, 2, 13, 59
"c:\Users\Mahmu\OneDrive\Desktop\Soen341Project\GazaBrigade-soen341projectW2024\src\backend\app.js", "JavaScript", 0, 0, 55, 0, 0, 0, 0, 13, 22, 90
"c:\Users\Mahmu\OneDrive\Desktop\Soen341Project\GazaBrigade-soen341projectW2024\src\backend\config\emailService.js", "JavaScript", 0, 0, 47, 0, 0, 0, 0, 9, 4, 60
"c:\Users\Mahmu\OneDrive\Desktop\Soen341Project\GazaBrigade-soen341projectW2024\src\backend\config\passport.js", "JavaScript", 0, 0, 41, 0, 0, 0, 0, 8, 9, 58
"c:\Users\Mahmu\OneDrive\Desktop\Soen341Project\GazaBrigade-soen341projectW2024\src\backend\controllers\authController.js", "JavaScript", 0, 0, 146, 0, 0, 0, 0, 16, 19, 181
"c:\Users\Mahmu\OneDrive\Desktop\Soen341Project\GazaBrigade-soen341projectW2024\src\backend\controllers\branchController.js", "JavaScript", 0, 0, 212, 0, 0, 0, 0, 21, 41, 274
"c:\Users\Mahmu\OneDrive\Desktop\Soen341Project\GazaBrigade-soen341projectW2024\src\backend\controllers\issueController.js", "JavaScript", 0, 0, 107, 0, 0, 0, 0, 0, 20, 127
"c:\Users\Mahmu\OneDrive\Desktop\Soen341Project\GazaBrigade-soen341projectW2024\src\backend\controllers\reservationController.js", "JavaScript", 0, 0, 185, 0, 0, 0, 0, 18, 22, 225
"c:\Users\Mahmu\OneDrive\Desktop\Soen341Project\GazaBrigade-soen341projectW2024\src\backend\controllers\reviewController.js", "JavaScript", 0, 0, 73, 0, 0, 0, 0, 8, 25, 106
"c:\Users\Mahmu\OneDrive\Desktop\Soen341Project\GazaBrigade-soen341projectW2024\src\backend\controllers\transactionsController.js", "JavaScript", 0, 0, 67, 0, 0, 0, 0, 4, 11, 82
"c:\Users\Mahmu\OneDrive\Desktop\Soen341Project\GazaBrigade-soen341projectW2024\src\backend\controllers\userController.js", "JavaScript", 0, 0, 162, 0, 0, 0, 0, 6, 20, 188
"c:\Users\Mahmu\OneDrive\Desktop\Soen341Project\GazaBrigade-soen341projectW2024\src\backend\controllers\vehicleController.js", "JavaScript", 0, 0, 104, 0, 0, 0, 0, 8, 29, 141
"c:\Users\Mahmu\OneDrive\Desktop\Soen341Project\GazaBrigade-soen341projectW2024\src\backend\middlewares\branchValidation.js", "JavaScript", 0, 0, 31, 0, 0, 0, 0, 0, 0, 31
"c:\Users\Mahmu\OneDrive\Desktop\Soen341Project\GazaBrigade-soen341projectW2024\src\backend\middlewares\userValidation.js", "JavaScript", 0, 0, 190, 0, 0, 0, 0, 6, 4, 200
"c:\Users\Mahmu\OneDrive\Desktop\Soen341Project\GazaBrigade-soen341projectW2024\src\backend\models\branchModel.js", "JavaScript", 0, 0, 33, 0, 0, 0, 0, 0, 4, 37
"c:\Users\Mahmu\OneDrive\Desktop\Soen341Project\GazaBrigade-soen341projectW2024\src\backend\models\issueModel.js", "JavaScript", 0, 0, 50, 0, 0, 0, 0, 0, 5, 55
"c:\Users\Mahmu\OneDrive\Desktop\Soen341Project\GazaBrigade-soen341projectW2024\src\backend\models\reservationModel.js", "JavaScript", 0, 0, 49, 0, 0, 0, 0, 0, 6, 55
"c:\Users\Mahmu\OneDrive\Desktop\Soen341Project\GazaBrigade-soen341projectW2024\src\backend\models\reviewModel.js", "JavaScript", 0, 0, 23, 0, 0, 0, 0, 1, 10, 34
"c:\Users\Mahmu\OneDrive\Desktop\Soen341Project\GazaBrigade-soen341projectW2024\src\backend\models\transactionModel.js", "JavaScript", 0, 0, 41, 0, 0, 0, 0, 0, 3, 44
"c:\Users\Mahmu\OneDrive\Desktop\Soen341Project\GazaBrigade-soen341projectW2024\src\backend\models\userModel.js", "JavaScript", 0, 0, 36, 0, 0, 0, 0, 0, 3, 39
"c:\Users\Mahmu\OneDrive\Desktop\Soen341Project\GazaBrigade-soen341projectW2024\src\backend\models\vehicleModel.js", "JavaScript", 0, 0, 65, 0, 0, 0, 0, 1, 13, 79
"c:\Users\Mahmu\OneDrive\Desktop\Soen341Project\GazaBrigade-soen341projectW2024\src\backend\mongodb\mongoConnection.js", "JavaScript", 0, 0, 24, 0, 0, 0, 0, 0, 10, 34
"c:\Users\Mahmu\OneDrive\Desktop\Soen341Project\GazaBrigade-soen341projectW2024\src\backend\package-lock.json", "JSON", 4837, 0, 0, 0, 0, 0, 0, 0, 1, 4838
"c:\Users\Mahmu\OneDrive\Desktop\Soen341Project\GazaBrigade-soen341projectW2024\src\backend\package.json", "JSON", 33, 0, 0, 0, 0, 0, 0, 0, 1, 34
"c:\Users\Mahmu\OneDrive\Desktop\Soen341Project\GazaBrigade-soen341projectW2024\src\backend\public\dist\assets\index-1f4CyHxp.js", "JavaScript", 0, 0, 12, 0, 0, 0, 0, 28, 1, 41
"c:\Users\Mahmu\OneDrive\Desktop\Soen341Project\GazaBrigade-soen341projectW2024\src\backend\public\dist\assets\index-4sK4E3Wk.css", "CSS", 0, 0, 0, 1, 0, 0, 0, 0, 1, 2
"c:\Users\Mahmu\OneDrive\Desktop\Soen341Project\GazaBrigade-soen341projectW2024\src\backend\public\dist\assets\react-h3aPdYU7.svg", "XML", 0, 0, 0, 0, 1, 0, 0, 0, 0, 1
"c:\Users\Mahmu\OneDrive\Desktop\Soen341Project\GazaBrigade-soen341projectW2024\src\backend\public\dist\index.html", "HTML", 0, 14, 0, 0, 0, 0, 0, 0, 1, 15
"c:\Users\Mahmu\OneDrive\Desktop\Soen341Project\GazaBrigade-soen341projectW2024\src\backend\public\dist\vite.svg", "XML", 0, 0, 0, 0, 1, 0, 0, 0, 0, 1
"c:\Users\Mahmu\OneDrive\Desktop\Soen341Project\GazaBrigade-soen341projectW2024\src\backend\public\fetch.html", "HTML", 0, 116, 0, 0, 0, 0, 0, 1, 6, 123
"c:\Users\Mahmu\OneDrive\Desktop\Soen341Project\GazaBrigade-soen341projectW2024\src\backend\public\index.html", "HTML", 0, 10, 0, 0, 0, 0, 0, 0, 4, 14
"c:\Users\Mahmu\OneDrive\Desktop\Soen341Project\GazaBrigade-soen341projectW2024\src\backend\public\stylesheets\style.css", "CSS", 0, 0, 0, 7, 0, 0, 0, 0, 2, 9
"c:\Users\Mahmu\OneDrive\Desktop\Soen341Project\GazaBrigade-soen341projectW2024\src\backend\routes\authRoute.js", "JavaScript", 0, 0, 12, 0, 0, 0, 0, 1, 5, 18
"c:\Users\Mahmu\OneDrive\Desktop\Soen341Project\GazaBrigade-soen341projectW2024\src\backend\routes\branchRoute.js", "JavaScript", 0, 0, 13, 0, 0, 0, 0, 1, 1, 15
"c:\Users\Mahmu\OneDrive\Desktop\Soen341Project\GazaBrigade-soen341projectW2024\src\backend\routes\index.js", "JavaScript", 0, 0, 18, 0, 0, 0, 0, 0, 3, 21
"c:\Users\Mahmu\OneDrive\Desktop\Soen341Project\GazaBrigade-soen341projectW2024\src\backend\routes\issueRoute.js", "JavaScript", 0, 0, 10, 0, 0, 0, 0, 0, 3, 13
"c:\Users\Mahmu\OneDrive\Desktop\Soen341Project\GazaBrigade-soen341projectW2024\src\backend\routes\reservationsRoute.js", "JavaScript", 0, 0, 15, 0, 0, 0, 0, 6, 9, 30
"c:\Users\Mahmu\OneDrive\Desktop\Soen341Project\GazaBrigade-soen341projectW2024\src\backend\routes\reviewRoute.js", "JavaScript", 0, 0, 10, 0, 0, 0, 0, 2, 14, 26
"c:\Users\Mahmu\OneDrive\Desktop\Soen341Project\GazaBrigade-soen341projectW2024\src\backend\routes\transactionsRoute.js", "JavaScript", 0, 0, 9, 0, 0, 0, 0, 0, 4, 13
"c:\Users\Mahmu\OneDrive\Desktop\Soen341Project\GazaBrigade-soen341projectW2024\src\backend\routes\usersRoute.js", "JavaScript", 0, 0, 12, 0, 0, 0, 0, 6, 7, 25
"c:\Users\Mahmu\OneDrive\Desktop\Soen341Project\GazaBrigade-soen341projectW2024\src\backend\routes\vehiclesRoute.js", "JavaScript", 0, 0, 12, 0, 0, 0, 0, 3, 14, 29
"c:\Users\Mahmu\OneDrive\Desktop\Soen341Project\GazaBrigade-soen341projectW2024\src\backend\utils\checkAddressValidity.js", "JavaScript", 0, 0, 19, 0, 0, 0, 0, 0, 3, 22
"c:\Users\Mahmu\OneDrive\Desktop\Soen341Project\GazaBrigade-soen341projectW2024\src\backend\utils\getGeocodeFromAddress.js", "JavaScript", 0, 0, 19, 0, 0, 0, 0, 0, 1, 20
"c:\Users\Mahmu\OneDrive\Desktop\Soen341Project\GazaBrigade-soen341projectW2024\src\backend\utils\reservationDataTest.js", "JavaScript", 0, 0, 14, 0, 0, 0, 0, 0, 2, 16
"c:\Users\Mahmu\OneDrive\Desktop\Soen341Project\GazaBrigade-soen341projectW2024\src\backend\utils\reviewDataTest.js", "JavaScript", 0, 0, 8, 0, 0, 0, 0, 0, 1, 9
"c:\Users\Mahmu\OneDrive\Desktop\Soen341Project\GazaBrigade-soen341projectW2024\src\backend\utils\transactionDataTest.js", "JavaScript", 0, 0, 12, 0, 0, 0, 0, 0, 1, 13
"c:\Users\Mahmu\OneDrive\Desktop\Soen341Project\GazaBrigade-soen341projectW2024\src\backend\utils\userDataTest.js", "JavaScript", 0, 0, 27, 0, 0, 0, 0, 0, 2, 29
"c:\Users\Mahmu\OneDrive\Desktop\Soen341Project\GazaBrigade-soen341projectW2024\src\backend\utils\vehicleDataTest.js", "JavaScript", 0, 0, 16, 0, 0, 0, 0, 0, 1, 17
"c:\Users\Mahmu\OneDrive\Desktop\Soen341Project\GazaBrigade-soen341projectW2024\src\frontend\.eslintrc.cjs", "JavaScript", 0, 0, 20, 0, 0, 0, 0, 0, 1, 21
"c:\Users\Mahmu\OneDrive\Desktop\Soen341Project\GazaBrigade-soen341projectW2024\src\frontend\README.md", "Markdown", 0, 0, 0, 0, 0, 0, 5, 0, 4, 9
"c:\Users\Mahmu\OneDrive\Desktop\Soen341Project\GazaBrigade-soen341projectW2024\src\frontend\index.html", "HTML", 0, 19, 0, 0, 0, 0, 0, 0, 8, 27
"c:\Users\Mahmu\OneDrive\Desktop\Soen341Project\GazaBrigade-soen341projectW2024\src\frontend\package-lock.json", "JSON", 6107, 0, 0, 0, 0, 0, 0, 0, 1, 6108
"c:\Users\Mahmu\OneDrive\Desktop\Soen341Project\GazaBrigade-soen341projectW2024\src\frontend\package.json", "JSON", 47, 0, 0, 0, 0, 0, 0, 0, 1, 48
"c:\Users\Mahmu\OneDrive\Desktop\Soen341Project\GazaBrigade-soen341projectW2024\src\frontend\postcss.config.js", "JavaScript", 0, 0, 6, 0, 0, 0, 0, 0, 1, 7
"c:\Users\Mahmu\OneDrive\Desktop\Soen341Project\GazaBrigade-soen341projectW2024\src\frontend\src\Pages\Account.jsx", "JavaScript JSX", 0, 0, 0, 0, 0, 3, 0, 0, 0, 3
"c:\Users\Mahmu\OneDrive\Desktop\Soen341Project\GazaBrigade-soen341projectW2024\src\frontend\src\Pages\AddBranch.jsx", "JavaScript JSX", 0, 0, 0, 0, 0, 105, 0, 10, 14, 129
"c:\Users\Mahmu\OneDrive\Desktop\Soen341Project\GazaBrigade-soen341projectW2024\src\frontend\src\Pages\AddVehicle.jsx", "JavaScript JSX", 0, 0, 0, 0, 0, 251, 0, 4, 21, 276
"c:\Users\Mahmu\OneDrive\Desktop\Soen341Project\GazaBrigade-soen341projectW2024\src\frontend\src\Pages\Branches.jsx", "JavaScript JSX", 0, 0, 0, 0, 0, 87, 0, 0, 4, 91
"c:\Users\Mahmu\OneDrive\Desktop\Soen341Project\GazaBrigade-soen341projectW2024\src\frontend\src\Pages\BrowsingPage.jsx", "JavaScript JSX", 0, 0, 0, 0, 0, 43, 0, 1, 15, 59
"c:\Users\Mahmu\OneDrive\Desktop\Soen341Project\GazaBrigade-soen341projectW2024\src\frontend\src\Pages\CheckInPage.jsx", "JavaScript JSX", 0, 0, 0, 0, 0, 72, 0, 1, 5, 78
"c:\Users\Mahmu\OneDrive\Desktop\Soen341Project\GazaBrigade-soen341projectW2024\src\frontend\src\Pages\CheckOutPage.jsx", "JavaScript JSX", 0, 0, 0, 0, 0, 33, 0, 2, 4, 39
"c:\Users\Mahmu\OneDrive\Desktop\Soen341Project\GazaBrigade-soen341projectW2024\src\frontend\src\Pages\ConfirmationPage.jsx", "JavaScript JSX", 0, 0, 0, 0, 0, 8, 0, 0, 2, 10
"c:\Users\Mahmu\OneDrive\Desktop\Soen341Project\GazaBrigade-soen341projectW2024\src\frontend\src\Pages\Customer.jsx", "JavaScript JSX", 0, 0, 0, 0, 0, 394, 0, 1, 11, 406
"c:\Users\Mahmu\OneDrive\Desktop\Soen341Project\GazaBrigade-soen341projectW2024\src\frontend\src\Pages\Customers.jsx", "JavaScript JSX", 0, 0, 0, 0, 0, 59, 0, 0, 6, 65
"c:\Users\Mahmu\OneDrive\Desktop\Soen341Project\GazaBrigade-soen341projectW2024\src\frontend\src\Pages\Dashboard.jsx", "JavaScript JSX", 0, 0, 0, 0, 0, 75, 0, 10, 5, 90
"c:\Users\Mahmu\OneDrive\Desktop\Soen341Project\GazaBrigade-soen341projectW2024\src\frontend\src\Pages\DashboardAnalysis.jsx", "JavaScript JSX", 0, 0, 0, 0, 0, 90, 0, 0, 4, 94
"c:\Users\Mahmu\OneDrive\Desktop\Soen341Project\GazaBrigade-soen341projectW2024\src\frontend\src\Pages\Issue.jsx", "JavaScript JSX", 0, 0, 0, 0, 0, 175, 0, 1, 8, 184
"c:\Users\Mahmu\OneDrive\Desktop\Soen341Project\GazaBrigade-soen341projectW2024\src\frontend\src\Pages\Issues.jsx", "JavaScript JSX", 0, 0, 0, 0, 0, 63, 0, 0, 4, 67
"c:\Users\Mahmu\OneDrive\Desktop\Soen341Project\GazaBrigade-soen341projectW2024\src\frontend\src\Pages\LocationMap.jsx", "JavaScript JSX", 0, 0, 0, 0, 0, 153, 0, 3, 9, 165
"c:\Users\Mahmu\OneDrive\Desktop\Soen341Project\GazaBrigade-soen341projectW2024\src\frontend\src\Pages\Login.jsx", "JavaScript JSX", 0, 0, 0, 0, 0, 132, 0, 3, 16, 151
"c:\Users\Mahmu\OneDrive\Desktop\Soen341Project\GazaBrigade-soen341projectW2024\src\frontend\src\Pages\MakeReservationPage.jsx", "JavaScript JSX", 0, 0, 0, 0, 0, 8, 0, 0, 2, 10
"c:\Users\Mahmu\OneDrive\Desktop\Soen341Project\GazaBrigade-soen341projectW2024\src\frontend\src\Pages\RepresentativeDashboard.jsx", "JavaScript JSX", 0, 0, 0, 0, 0, 97, 0, 0, 9, 106
"c:\Users\Mahmu\OneDrive\Desktop\Soen341Project\GazaBrigade-soen341projectW2024\src\frontend\src\Pages\Reservation.jsx", "JavaScript JSX", 0, 0, 0, 0, 0, 221, 0, 0, 17, 238
"c:\Users\Mahmu\OneDrive\Desktop\Soen341Project\GazaBrigade-soen341projectW2024\src\frontend\src\Pages\ReservationDetailsPage.jsx", "JavaScript JSX", 0, 0, 0, 0, 0, 8, 0, 0, 0, 8
"c:\Users\Mahmu\OneDrive\Desktop\Soen341Project\GazaBrigade-soen341projectW2024\src\frontend\src\Pages\Reservations.jsx", "JavaScript JSX", 0, 0, 0, 0, 0, 61, 0, 0, 5, 66
"c:\Users\Mahmu\OneDrive\Desktop\Soen341Project\GazaBrigade-soen341projectW2024\src\frontend\src\Pages\Root.jsx", "JavaScript JSX", 0, 0, 0, 0, 0, 45, 0, 5, 7, 57
"c:\Users\Mahmu\OneDrive\Desktop\Soen341Project\GazaBrigade-soen341projectW2024\src\frontend\src\Pages\Signup.jsx", "JavaScript JSX", 0, 0, 0, 0, 0, 188, 0, 1, 8, 197
"c:\Users\Mahmu\OneDrive\Desktop\Soen341Project\GazaBrigade-soen341projectW2024\src\frontend\src\Pages\Vehicle.jsx", "JavaScript JSX", 0, 0, 0, 0, 0, 515, 0, 5, 29, 549
"c:\Users\Mahmu\OneDrive\Desktop\Soen341Project\GazaBrigade-soen341projectW2024\src\frontend\src\Pages\Vehicles.jsx", "JavaScript JSX", 0, 0, 0, 0, 0, 71, 0, 0, 3, 74
"c:\Users\Mahmu\OneDrive\Desktop\Soen341Project\GazaBrigade-soen341projectW2024\src\frontend\src\Pages\ViewReservationPage.jsx", "JavaScript JSX", 0, 0, 0, 0, 0, 8, 0, 0, 2, 10
"c:\Users\Mahmu\OneDrive\Desktop\Soen341Project\GazaBrigade-soen341projectW2024\src\frontend\src\Pages\branch.jsx", "JavaScript JSX", 0, 0, 0, 0, 0, 419, 0, 7, 24, 450
"c:\Users\Mahmu\OneDrive\Desktop\Soen341Project\GazaBrigade-soen341projectW2024\src\frontend\src\Router.jsx", "JavaScript JSX", 0, 0, 0, 0, 0, 146, 0, 4, 6, 156
"c:\Users\Mahmu\OneDrive\Desktop\Soen341Project\GazaBrigade-soen341projectW2024\src\frontend\src\components\browsingPage\BrowseHeader.jsx", "JavaScript JSX", 0, 0, 0, 0, 0, 20, 0, 0, 2, 22
"c:\Users\Mahmu\OneDrive\Desktop\Soen341Project\GazaBrigade-soen341projectW2024\src\frontend\src\components\browsingPage\LoginButton.jsx", "JavaScript JSX", 0, 0, 0, 0, 0, 10, 0, 0, 4, 14
"c:\Users\Mahmu\OneDrive\Desktop\Soen341Project\GazaBrigade-soen341projectW2024\src\frontend\src\components\browsingPage\Modal.jsx", "JavaScript JSX", 0, 0, 0, 0, 0, 32, 0, 0, 4, 36
"c:\Users\Mahmu\OneDrive\Desktop\Soen341Project\GazaBrigade-soen341projectW2024\src\frontend\src\components\browsingPage\SearchBox.jsx", "JavaScript JSX", 0, 0, 0, 0, 0, 60, 0, 0, 8, 68
"c:\Users\Mahmu\OneDrive\Desktop\Soen341Project\GazaBrigade-soen341projectW2024\src\frontend\src\components\browsingPage\SortFilterButtons.jsx", "JavaScript JSX", 0, 0, 0, 0, 0, 175, 0, 49, 31, 255
"c:\Users\Mahmu\OneDrive\Desktop\Soen341Project\GazaBrigade-soen341projectW2024\src\frontend\src\components\browsingPage\Vehicle.jsx", "JavaScript JSX", 0, 0, 0, 0, 0, 28, 0, 0, 3, 31
"c:\Users\Mahmu\OneDrive\Desktop\Soen341Project\GazaBrigade-soen341projectW2024\src\frontend\src\components\browsingPage\VehicleList.jsx", "JavaScript JSX", 0, 0, 0, 0, 0, 52, 0, 0, 7, 59
"c:\Users\Mahmu\OneDrive\Desktop\Soen341Project\GazaBrigade-soen341projectW2024\src\frontend\src\components\checkIn\CheckVehicle.jsx", "JavaScript JSX", 0, 0, 0, 0, 0, 66, 0, 0, 6, 72
"c:\Users\Mahmu\OneDrive\Desktop\Soen341Project\GazaBrigade-soen341projectW2024\src\frontend\src\components\checkIn\ClientInfo.jsx", "JavaScript JSX", 0, 0, 0, 0, 0, 75, 0, 20, 12, 107
"c:\Users\Mahmu\OneDrive\Desktop\Soen341Project\GazaBrigade-soen341projectW2024\src\frontend\src\components\checkIn\MakeDeposit.jsx", "JavaScript JSX", 0, 0, 0, 0, 0, 9, 0, 0, 3, 12
"c:\Users\Mahmu\OneDrive\Desktop\Soen341Project\GazaBrigade-soen341projectW2024\src\frontend\src\components\checkIn\RentalAgreement.jsx", "JavaScript JSX", 0, 0, 0, 0, 0, 179, 0, 20, 31, 230
"c:\Users\Mahmu\OneDrive\Desktop\Soen341Project\GazaBrigade-soen341projectW2024\src\frontend\src\components\checkIn\sigCanvas.css", "CSS", 0, 0, 0, 6, 0, 0, 0, 0, 0, 6
"c:\Users\Mahmu\OneDrive\Desktop\Soen341Project\GazaBrigade-soen341projectW2024\src\frontend\src\components\csr\RefundForm.jsx", "JavaScript JSX", 0, 0, 0, 0, 0, 13, 0, 0, 2, 15
"c:\Users\Mahmu\OneDrive\Desktop\Soen341Project\GazaBrigade-soen341projectW2024\src\frontend\src\components\dashboard\ViewBranches.jsx", "JavaScript JSX", 0, 0, 0, 0, 0, 18, 0, 0, 1, 19
"c:\Users\Mahmu\OneDrive\Desktop\Soen341Project\GazaBrigade-soen341projectW2024\src\frontend\src\components\dashboard\ViewReservations.jsx", "JavaScript JSX", 0, 0, 0, 0, 0, 51, 0, 0, 2, 53
"c:\Users\Mahmu\OneDrive\Desktop\Soen341Project\GazaBrigade-soen341projectW2024\src\frontend\src\components\dashboard\ViewVehicles.jsx", "JavaScript JSX", 0, 0, 0, 0, 0, 25, 0, 0, 0, 25
"c:\Users\Mahmu\OneDrive\Desktop\Soen341Project\GazaBrigade-soen341projectW2024\src\frontend\src\components\generalPurpose\Button.jsx", "JavaScript JSX", 0, 0, 0, 0, 0, 13, 0, 0, 2, 15
"c:\Users\Mahmu\OneDrive\Desktop\Soen341Project\GazaBrigade-soen341projectW2024\src\frontend\src\components\generalPurpose\PaymentForm.jsx", "JavaScript JSX", 0, 0, 0, 0, 0, 232, 0, 12, 23, 267
"c:\Users\Mahmu\OneDrive\Desktop\Soen341Project\GazaBrigade-soen341projectW2024\src\frontend\src\components\header\AccountDropdown.jsx", "JavaScript JSX", 0, 0, 0, 0, 0, 50, 0, 2, 8, 60
"c:\Users\Mahmu\OneDrive\Desktop\Soen341Project\GazaBrigade-soen341projectW2024\src\frontend\src\components\header\Header.jsx", "JavaScript JSX", 0, 0, 0, 0, 0, 15, 0, 0, 2, 17
"c:\Users\Mahmu\OneDrive\Desktop\Soen341Project\GazaBrigade-soen341projectW2024\src\frontend\src\components\header\LoginButton.jsx", "JavaScript JSX", 0, 0, 0, 0, 0, 12, 0, 0, 4, 16
"c:\Users\Mahmu\OneDrive\Desktop\Soen341Project\GazaBrigade-soen341projectW2024\src\frontend\src\components\location\Map.jsx", "JavaScript JSX", 0, 0, 0, 0, 0, 109, 0, 1, 7, 117
"c:\Users\Mahmu\OneDrive\Desktop\Soen341Project\GazaBrigade-soen341projectW2024\src\frontend\src\components\reservation\Addon.jsx", "JavaScript JSX", 0, 0, 0, 0, 0, 50, 0, 5, 4, 59
"c:\Users\Mahmu\OneDrive\Desktop\Soen341Project\GazaBrigade-soen341projectW2024\src\frontend\src\components\reservation\AddonSelector.jsx", "JavaScript JSX", 0, 0, 0, 0, 0, 48, 0, 1, 6, 55
"c:\Users\Mahmu\OneDrive\Desktop\Soen341Project\GazaBrigade-soen341projectW2024\src\frontend\src\components\reservation\BookingPayment.jsx", "JavaScript JSX", 0, 0, 0, 0, 0, 6, 0, 0, 2, 8
"c:\Users\Mahmu\OneDrive\Desktop\Soen341Project\GazaBrigade-soen341projectW2024\src\frontend\src\components\reservation\Confirmation.jsx", "JavaScript JSX", 0, 0, 0, 0, 0, 21, 0, 2, 4, 27
"c:\Users\Mahmu\OneDrive\Desktop\Soen341Project\GazaBrigade-soen341projectW2024\src\frontend\src\components\reservation\MakeReservation.jsx", "JavaScript JSX", 0, 0, 0, 0, 0, 50, 0, 1, 14, 65
"c:\Users\Mahmu\OneDrive\Desktop\Soen341Project\GazaBrigade-soen341projectW2024\src\frontend\src\components\reservation\ModifyReservation.jsx", "JavaScript JSX", 0, 0, 0, 0, 0, 76, 0, 0, 6, 82
"c:\Users\Mahmu\OneDrive\Desktop\Soen341Project\GazaBrigade-soen341projectW2024\src\frontend\src\components\reservation\ReservationDetails.jsx", "JavaScript JSX", 0, 0, 0, 0, 0, 82, 0, 3, 8, 93
"c:\Users\Mahmu\OneDrive\Desktop\Soen341Project\GazaBrigade-soen341projectW2024\src\frontend\src\components\reservation\ReservationForm.jsx", "JavaScript JSX", 0, 0, 0, 0, 0, 94, 0, 0, 10, 104
"c:\Users\Mahmu\OneDrive\Desktop\Soen341Project\GazaBrigade-soen341projectW2024\src\frontend\src\components\reservation\VehicleDetails.jsx", "JavaScript JSX", 0, 0, 0, 0, 0, 17, 0, 1, 1, 19
"c:\Users\Mahmu\OneDrive\Desktop\Soen341Project\GazaBrigade-soen341projectW2024\src\frontend\src\components\reservation\VehicleViewer.jsx", "JavaScript JSX", 0, 0, 0, 0, 0, 39, 0, 1, 1, 41
"c:\Users\Mahmu\OneDrive\Desktop\Soen341Project\GazaBrigade-soen341projectW2024\src\frontend\src\components\reservation\ViewReservation.jsx", "JavaScript JSX", 0, 0, 0, 0, 0, 80, 0, 2, 7, 89
"c:\Users\Mahmu\OneDrive\Desktop\Soen341Project\GazaBrigade-soen341projectW2024\src\frontend\src\components\swiper\recentlyViewed.jsx", "JavaScript JSX", 0, 0, 0, 0, 0, 44, 0, 0, 21, 65
"c:\Users\Mahmu\OneDrive\Desktop\Soen341Project\GazaBrigade-soen341projectW2024\src\frontend\src\components\swiper\swiper.css", "CSS", 0, 0, 0, 27, 0, 0, 0, 0, 5, 32
"c:\Users\Mahmu\OneDrive\Desktop\Soen341Project\GazaBrigade-soen341projectW2024\src\frontend\src\index.css", "CSS", 0, 0, 0, 3, 0, 0, 0, 0, 0, 3
"c:\Users\Mahmu\OneDrive\Desktop\Soen341Project\GazaBrigade-soen341projectW2024\src\frontend\src\main.jsx", "JavaScript JSX", 0, 0, 0, 0, 0, 7, 0, 0, 5, 12
"c:\Users\Mahmu\OneDrive\Desktop\Soen341Project\GazaBrigade-soen341projectW2024\src\frontend\src\styles\Root.module.css", "CSS", 0, 0, 0, 0, 0, 0, 0, 0, 1, 1
"c:\Users\Mahmu\OneDrive\Desktop\Soen341Project\GazaBrigade-soen341projectW2024\src\frontend\src\styles\Vehicle.module.css", "CSS", 0, 0, 0, 17, 0, 0, 0, 0, 0, 17
"c:\Users\Mahmu\OneDrive\Desktop\Soen341Project\GazaBrigade-soen341projectW2024\src\frontend\src\utilities\ReservationUtils.js", "JavaScript", 0, 0, 142, 0, 0, 0, 0, 0, 13, 155
"c:\Users\Mahmu\OneDrive\Desktop\Soen341Project\GazaBrigade-soen341projectW2024\src\frontend\src\utilities\VehiclesUtils.js", "JavaScript", 0, 0, 92, 0, 0, 0, 0, 0, 7, 99
"c:\Users\Mahmu\OneDrive\Desktop\Soen341Project\GazaBrigade-soen341projectW2024\src\frontend\src\utilities\cancelReservation.js", "JavaScript", 0, 0, 0, 0, 0, 0, 0, 20, 0, 20
"c:\Users\Mahmu\OneDrive\Desktop\Soen341Project\GazaBrigade-soen341projectW2024\src\frontend\src\utilities\createReservation.js", "JavaScript", 0, 0, 0, 0, 0, 0, 0, 32, 0, 32
"c:\Users\Mahmu\OneDrive\Desktop\Soen341Project\GazaBrigade-soen341projectW2024\src\frontend\src\utilities\createTransaction.js", "JavaScript", 0, 0, 29, 0, 0, 0, 0, 0, 2, 31
"c:\Users\Mahmu\OneDrive\Desktop\Soen341Project\GazaBrigade-soen341projectW2024\src\frontend\src\utilities\decodeToken.js", "JavaScript", 0, 0, 10, 0, 0, 0, 0, 0, 2, 12
"c:\Users\Mahmu\OneDrive\Desktop\Soen341Project\GazaBrigade-soen341projectW2024\src\frontend\src\utilities\fetchData.js", "JavaScript", 0, 0, 22, 0, 0, 0, 0, 0, 6, 28
"c:\Users\Mahmu\OneDrive\Desktop\Soen341Project\GazaBrigade-soen341projectW2024\src\frontend\src\utilities\getBranch.js", "JavaScript", 0, 0, 3, 0, 0, 0, 0, 0, 0, 3
"c:\Users\Mahmu\OneDrive\Desktop\Soen341Project\GazaBrigade-soen341projectW2024\src\frontend\src\utilities\getGeocodeFromAddress.js", "JavaScript", 0, 0, 19, 0, 0, 0, 0, 0, 1, 20
"c:\Users\Mahmu\OneDrive\Desktop\Soen341Project\GazaBrigade-soen341projectW2024\src\frontend\src\utilities\getUser.js", "JavaScript", 0, 0, 13, 0, 0, 0, 0, 1, 2, 16
"c:\Users\Mahmu\OneDrive\Desktop\Soen341Project\GazaBrigade-soen341projectW2024\src\frontend\src\utilities\handleChangeBranch.js", "JavaScript", 0, 0, 3, 0, 0, 0, 0, 0, 1, 4
"c:\Users\Mahmu\OneDrive\Desktop\Soen341Project\GazaBrigade-soen341projectW2024\src\frontend\src\utilities\isSelected.js", "JavaScript", 0, 0, 4, 0, 0, 0, 0, 0, 1, 5
"c:\Users\Mahmu\OneDrive\Desktop\Soen341Project\GazaBrigade-soen341projectW2024\src\frontend\src\utilities\isTokenValide.js", "JavaScript", 0, 0, 11, 0, 0, 0, 0, 0, 1, 12
"c:\Users\Mahmu\OneDrive\Desktop\Soen341Project\GazaBrigade-soen341projectW2024\src\frontend\src\utilities\logout.js", "JavaScript", 0, 0, 17, 0, 0, 0, 0, 0, 2, 19
"c:\Users\Mahmu\OneDrive\Desktop\Soen341Project\GazaBrigade-soen341projectW2024\src\frontend\src\utilities\modifyReservation.js", "JavaScript", 0, 0, 0, 0, 0, 0, 0, 38, 0, 38
"c:\Users\Mahmu\OneDrive\Desktop\Soen341Project\GazaBrigade-soen341projectW2024\src\frontend\src\utilities\refreshToken.js", "JavaScript", 0, 0, 18, 0, 0, 0, 0, 0, 2, 20
"c:\Users\Mahmu\OneDrive\Desktop\Soen341Project\GazaBrigade-soen341projectW2024\src\frontend\tailwind.config.js", "JavaScript", 0, 0, 17, 0, 0, 0, 0, 1, 3, 21
"c:\Users\Mahmu\OneDrive\Desktop\Soen341Project\GazaBrigade-soen341projectW2024\src\frontend\vite.config.js", "JavaScript", 0, 0, 5, 0, 0, 0, 0, 1, 2, 8
"c:\Users\Mahmu\OneDrive\Desktop\Soen341Project\GazaBrigade-soen341projectW2024\src\package-lock.json", "JSON", 4136, 0, 0, 0, 0, 0, 0, 0, 1, 4137
"c:\Users\Mahmu\OneDrive\Desktop\Soen341Project\GazaBrigade-soen341projectW2024\src\package.json", "JSON", 33, 0, 0, 0, 0, 0, 0, 0, 1, 34
"Total", "-", 15193, 159, 2723, 61, 2, 5388, 5, 449, 991, 24971